Daniel,Bailey,dbailey0@whitehouse.gov
Teresa,Ray,tray1@google.cn
Carlos,Hawkins,chawkins2@wikia.com
Maria,Bailey,mbailey3@odnoklassniki.ru
Andrea,Taylor,ataylor4@last.fm
Nicole,Ferguson,nferguson5@reddit.com
Julia,Howell,jhowell6@imdb.com
Brenda,Williams,bwilliams7@sciencedaily.com
Andrea,Lewis,alewis8@flickr.com
Kathy,Jones,kjones9@shinystat.com
Timothy,Hawkins,thawkinsa@topsy.com
Lawrence,Myers,lmyersb@hao123.com
Ruby,Weaver,rweaverc@google.cn
Billy,Bishop,bbishopd@cyberchimps.com
Jeremy,Kim,jkime@google.com
Katherine,Sanchez,ksanchezf@bloglovin.com
Maria,Myers,mmyersg@earthlink.net
Bruce,Miller,bmillerh@yandex.ru
Mary,Russell,mrusselli@vinaora.com
Dennis,Brooks,dbrooksj@amazon.de
Martin,Grant,mgrantk@csmonitor.com
Andrea,Perez,aperezl@ucoz.ru
Jeremy,Bennett,jbennettm@storify.com
Jason,Wood,jwoodn@smugmug.com
Kenneth,Brown,kbrowno@answers.com
Brandon,Foster,bfosterp@shinystat.com
Robert,Palmer,rpalmerq@gizmodo.com
Martin,Smith,msmithr@t.co
Frank,Chavez,fchavezs@bing.com
Joseph,Knight,jknightt@wsj.com
David,Henderson,dhendersonu@biblegateway.com
Patricia,Mason,pmasonv@angelfire.com
Elizabeth,Patterson,epattersonw@sciencedirect.com
Anna,Thompson,athompsonx@cdc.gov
Lori,Sullivan,lsullivany@pbs.org
Howard,Ramos,hramosz@usnews.com
Henry,Mitchell,hmitchell10@angelfire.com
Matthew,Jordan,mjordan11@zimbio.com
Robin,Harvey,rharvey12@imdb.com
Jessica,Ray,jray13@twitpic.com
Sean,Martin,smartin14@cornell.edu
Anne,Meyer,ameyer15@acquirethisname.com
Patrick,Holmes,pholmes16@flickr.com
Lillian,Johnson,ljohnson17@intel.com
Theresa,Burns,tburns18@123-reg.co.uk
Jason,Daniels,jdaniels19@goodreads.com
Fred,Graham,fgraham1a@who.int
Joan,Price,jprice1b@vk.com
Cheryl,Lopez,clopez1c@hatena.ne.jp
Janet,Myers,jmyers1d@blogger.com
Doris,Stewart,dstewart1e@apple.com
Shawn,Carter,scarter1f@nifty.com
Mary,Peters,mpeters1g@reuters.com
Judy,Hall,jhall1h@google.com
Norma,Kim,nkim1i@tiny.cc
Angela,Hill,ahill1j@quantcast.com
Evelyn,Fernandez,efernandez1k@youku.com
Angela,Hudson,ahudson1l@japanpost.jp
Ernest,Myers,emyers1m@time.com
Albert,Powell,apowell1n@woothemes.com
Lawrence,Smith,lsmith1o@businessweek.com
Maria,Phillips,mphillips1p@symantec.com
Jane,Watkins,jwatkins1q@seesaa.net
Jean,Baker,jbaker1r@nifty.com
Martha,Morales,mmorales1s@nyu.edu
Raymond,Griffin,rgriffin1t@deliciousdays.com
Catherine,Johnston,cjohnston1u@cornell.edu
Mary,Stephens,mstephens1v@constantcontact.com
Donald,Hamilton,dhamilton1w@jiathis.com
Sean,Duncan,sduncan1x@wikimedia.org
Louise,Garcia,lgarcia1y@bigcartel.com
Kimberly,Alvarez,kalvarez1z@ftc.gov
Kimberly,Franklin,kfranklin20@reference.com
Mark,Powell,mpowell21@ning.com
Richard,Kelly,rkelly22@opera.com
James,Wheeler,jwheeler23@youku.com
Ryan,Ross,rross24@opera.com
Carolyn,Howard,choward25@mapquest.com
Samuel,Burns,sburns26@hp.com
Laura,Freeman,lfreeman27@sina.com.cn
Lawrence,Hanson,lhanson28@independent.co.uk
Linda,Cooper,lcooper29@comcast.net
Benjamin,Mccoy,bmccoy2a@independent.co.uk
Carolyn,Porter,cporter2b@behance.net
George,Mason,gmason2c@dion.ne.jp
Michael,Anderson,manderson2d@java.com
Debra,Berry,dberry2e@purevolume.com
Walter,Anderson,wanderson2f@hibu.com
Sean,Mendoza,smendoza2g@sitemeter.com
Paul,Watkins,pwatkins2h@loc.gov
Ralph,Berry,rberry2i@sina.com.cn
Gloria,Gutierrez,ggutierrez2j@sciencedirect.com
Jose,Stevens,jstevens2k@bloglovin.com
Louise,Fuller,lfuller2l@webeden.co.uk
Christine,Wheeler,cwheeler2m@epa.gov
Christopher,Lee,clee2n@rakuten.co.jp
Joseph,Garrett,jgarrett2o@virginia.edu
Martha,Olson,molson2p@loc.gov
Philip,Grant,pgrant2q@go.com
Anne,Harrison,aharrison2r@wordpress.com
Andrea,Dean,adean2s@google.pl
Gloria,Mason,gmason2t@blogs.com
Theresa,Dean,tdean2u@trellian.com
Cynthia,Wheeler,cwheeler2v@theatlantic.com
Tammy,Gomez,tgomez2w@surveymonkey.com
Emily,Bradley,ebradley2x@google.co.uk
Sharon,Sullivan,ssullivan2y@uol.com.br
Jeffrey,Kelley,jkelley2z@joomla.org
Jacqueline,Dean,jdean30@patch.com
Kimberly,Cox,kcox31@huffingtonpost.com
Sean,Payne,spayne32@studiopress.com
Irene,Gibson,igibson33@cnet.com
Benjamin,Lee,blee34@amazon.co.jp
Eugene,Walker,ewalker35@wp.com
Lori,Watson,lwatson36@epa.gov
Amy,Burns,aburns37@trellian.com
George,Allen,gallen38@t-online.de
Fred,Moreno,fmoreno39@earthlink.net
Christine,Reynolds,creynolds3a@nih.gov
Kevin,Gordon,kgordon3b@ftc.gov
Mark,Spencer,mspencer3c@paypal.com
Patrick,Cunningham,pcunningham3d@a8.net
Carl,Harvey,charvey3e@mozilla.org
Jerry,Romero,jromero3f@behance.net
Frances,Marshall,fmarshall3g@fda.gov
Melissa,Matthews,mmatthews3h@guardian.co.uk
Juan,Ward,jward3i@alexa.com
Earl,Howell,ehowell3j@google.com.hk
Margaret,Chapman,mchapman3k@nbcnews.com
Shirley,Watkins,swatkins3l@seesaa.net
Sandra,Payne,spayne3m@wix.com
Christina,Stephens,cstephens3n@pen.io
Paul,Turner,pturner3o@intel.com
Fred,Stephens,fstephens3p@state.gov
Charles,Simpson,csimpson3q@alexa.com
Ann,Knight,aknight3r@rakuten.co.jp
Annie,Rivera,arivera3s@yahoo.com
Sarah,Franklin,sfranklin3t@de.vu
Robert,Elliott,relliott3u@simplemachines.org
Helen,Cooper,hcooper3v@loc.gov
Christopher,Spencer,cspencer3w@acquirethisname.com
Rachel,Rice,rrice3x@studiopress.com
Frances,Sims,fsims3y@fastcompany.com
Willie,Williamson,wwilliamson3z@mail.ru
Steve,Jenkins,sjenkins40@homestead.com
Kenneth,Payne,kpayne41@cnn.com
Carlos,Pierce,cpierce42@berkeley.edu
Judy,Garcia,jgarcia43@yale.edu
Judith,Holmes,jholmes44@g.co
Joe,Gonzalez,jgonzalez45@alexa.com
Rachel,Snyder,rsnyder46@guardian.co.uk
Peter,Morgan,pmorgan47@bbb.org
Timothy,Ferguson,tferguson48@sphinn.com
Wayne,Day,wday49@noaa.gov
Beverly,Morgan,bmorgan4a@ft.com
Lori,Turner,lturner4b@noaa.gov
Janice,Ramos,jramos4c@gravatar.com
Anne,Chavez,achavez4d@addtoany.com
Theresa,Wallace,twallace4e@yahoo.co.jp
Amy,Thompson,athompson4f@hao123.com
Teresa,Reid,treid4g@disqus.com
Sarah,Howell,showell4h@networksolutions.com
Virginia,Gutierrez,vgutierrez4i@columbia.edu
Kevin,Jackson,kjackson4j@quantcast.com
Benjamin,Perkins,bperkins4k@toplist.cz
Kevin,Long,klong4l@stanford.edu
Donald,Lewis,dlewis4m@addtoany.com
Doris,Moore,dmoore4n@sohu.com
Andrew,Parker,aparker4o@twitpic.com
Robert,Hughes,rhughes4p@acquirethisname.com
Amanda,Peters,apeters4q@opensource.org
Rebecca,Stanley,rstanley4r@weebly.com
Peter,Payne,ppayne4s@army.mil
Joyce,Stanley,jstanley4t@opera.com
Douglas,Young,dyoung4u@nps.gov
Sarah,Howard,showard4v@etsy.com
Sean,Larson,slarson4w@ovh.net
Heather,Arnold,harnold4x@aboutads.info
Kathy,Myers,kmyers4y@edublogs.org
Albert,Moore,amoore4z@arstechnica.com
Amy,Burns,aburns50@weather.com
Julie,Snyder,jsnyder51@marketwatch.com
Diane,Parker,dparker52@uol.com.br
Samuel,Holmes,sholmes53@1und1.de
Mark,Flores,mflores54@telegraph.co.uk
Earl,Black,eblack55@etsy.com
Kimberly,Young,kyoung56@tamu.edu
Paula,Elliott,pelliott57@instagram.com
Martha,Castillo,mcastillo58@goo.ne.jp
Ruth,Butler,rbutler59@home.pl
Roger,Campbell,rcampbell5a@slashdot.org
Tina,Ruiz,truiz5b@java.com
Pamela,Jackson,pjackson5c@mit.edu
Linda,Lawson,llawson5d@yahoo.com
Diana,Fox,dfox5e@howstuffworks.com
Linda,Graham,lgraham5f@example.com
Jane,Turner,jturner5g@issuu.com
Pamela,Campbell,pcampbell5h@dot.gov
Matthew,Lopez,mlopez5i@samsung.com
Michael,White,mwhite5j@yellowbook.com
Joseph,Woods,jwoods5k@amazon.com
Annie,Roberts,aroberts5l@google.com.au
Raymond,Ortiz,rortiz5m@china.com.cn
Beverly,Porter,bporter5n@jigsy.com
Amanda,Elliott,aelliott5o@people.com.cn
Clarence,Reid,creid5p@newsvine.com
William,Graham,wgraham5q@shinystat.com
Dennis,Taylor,dtaylor5r@fastcompany.com
Robin,Reid,rreid5s@statcounter.com
Irene,Price,iprice5t@biblegateway.com
Wayne,Vasquez,wvasquez5u@jugem.jp
Christine,Hamilton,chamilton5v@mayoclinic.com
Raymond,Matthews,rmatthews5w@is.gd
Elizabeth,Burke,eburke5x@hugedomains.com
Gerald,Gilbert,ggilbert5y@youku.com
Brian,Reynolds,breynolds5z@si.edu
Irene,Evans,ievans60@cmu.edu
Virginia,Bowman,vbowman61@smh.com.au
Cheryl,Bryant,cbryant62@kickstarter.com
Steve,Willis,swillis63@ucoz.ru
Jack,Spencer,jspencer64@blogspot.com
Barbara,Jones,bjones65@businessinsider.com
Virginia,Ramos,vramos66@amazon.co.uk
Jimmy,Howell,jhowell67@lulu.com
Carolyn,Kelly,ckelly68@multiply.com
Henry,Chapman,hchapman69@hugedomains.com
Fred,Anderson,fanderson6a@sbwire.com
Mildred,Burns,mburns6b@loc.gov
Terry,Bishop,tbishop6c@ovh.net
Andrew,Fisher,afisher6d@simplemachines.org
Patrick,Harper,pharper6e@shinystat.com
Cheryl,King,cking6f@nasa.gov
Tammy,Jordan,tjordan6g@twitter.com
Theresa,Fox,tfox6h@sbwire.com
Janet,Ferguson,jferguson6i@home.pl
Brandon,Mitchell,bmitchell6j@marketwatch.com
Julie,Robertson,jrobertson6k@earthlink.net
Mildred,Thompson,mthompson6l@ow.ly
Thomas,Medina,tmedina6m@ucsd.edu
Lisa,Reed,lreed6n@printfriendly.com
Mildred,Dixon,mdixon6o@free.fr
Susan,Boyd,sboyd6p@typepad.com
Janice,Medina,jmedina6q@pcworld.com
Frances,Coleman,fcoleman6r@123-reg.co.uk
Matthew,Bishop,mbishop6s@canalblog.com
Ashley,Carroll,acarroll6t@parallels.com
Steven,Ruiz,sruiz6u@craigslist.org
Billy,Pierce,bpierce6v@blinklist.com
Roy,Thompson,rthompson6w@globo.com
Timothy,Gonzales,tgonzales6x@skype.com
Alice,Stanley,astanley6y@amazon.de
Keith,Ramos,kramos6z@behance.net
Elizabeth,Alvarez,ealvarez70@vinaora.com
Timothy,Black,tblack71@baidu.com
Paul,Knight,pknight72@phoca.cz
Peter,Day,pday73@digg.com
Jeffrey,Marshall,jmarshall74@opera.com
Tina,Moreno,tmoreno75@cpanel.net
Norma,Porter,nporter76@dailymotion.com
Patrick,Henderson,phenderson77@bizjournals.com
Patricia,Schmidt,pschmidt78@opensource.org
Philip,Perez,pperez79@tripod.com
Kathryn,Bailey,kbailey7a@cyberchimps.com
Antonio,Moreno,amoreno7b@free.fr
Sean,Gonzalez,sgonzalez7c@mediafire.com
Brenda,Griffin,bgriffin7d@hc360.com
Amy,Lee,alee7e@w3.org
Samuel,Rice,srice7f@slashdot.org
Sarah,Rose,srose7g@zdnet.com
Matthew,Crawford,mcrawford7h@ask.com
Harry,Reed,hreed7i@umn.edu
Adam,Fisher,afisher7j@gravatar.com
Ronald,Dean,rdean7k@hexun.com
Paul,Ward,pward7l@ucoz.ru
Kelly,Ferguson,kferguson7m@theguardian.com
Christine,King,cking7n@networksolutions.com
Paul,Payne,ppayne7o@multiply.com
Antonio,Robinson,arobinson7p@bravesites.com
Katherine,Pierce,kpierce7q@nsw.gov.au
Samuel,Burke,sburke7r@reddit.com
Louis,Freeman,lfreeman7s@wufoo.com
Jane,Tucker,jtucker7t@reddit.com
Shirley,Perry,sperry7u@artisteer.com
Lawrence,Weaver,lweaver7v@people.com.cn
Margaret,Romero,mromero7w@bloglovin.com
Richard,Stewart,rstewart7x@tumblr.com
Rebecca,Green,rgreen7y@ehow.com
Linda,Sims,lsims7z@linkedin.com
Brian,Gordon,bgordon80@list-manage.com
Jack,Elliott,jelliott81@mashable.com
Johnny,Vasquez,jvasquez82@over-blog.com
Stephen,Adams,sadams83@patch.com
Betty,Vasquez,bvasquez84@plala.or.jp
Roy,Berry,rberry85@wikia.com
Christopher,Oliver,coliver86@eepurl.com
Carol,Stephens,cstephens87@hhs.gov
Denise,Bell,dbell88@abc.net.au
Harry,Chavez,hchavez89@mapy.cz
Christopher,Mason,cmason8a@over-blog.com
William,Carroll,wcarroll8b@moonfruit.com
Amy,Hill,ahill8c@nifty.com
Susan,Wood,swood8d@over-blog.com
Gerald,Larson,glarson8e@seesaa.net
Terry,Griffin,tgriffin8f@e-recht24.de
Bobby,Davis,bdavis8g@hhs.gov
Eric,Fernandez,efernandez8h@nasa.gov
Victor,Stanley,vstanley8i@washington.edu
Sara,Kennedy,skennedy8j@umn.edu
Jacqueline,Edwards,jedwards8k@networkadvertising.org
Jessica,Cunningham,jcunningham8l@oracle.com
Anna,Jacobs,ajacobs8m@hud.gov
Peter,Stephens,pstephens8n@yandex.ru
Craig,Carpenter,ccarpenter8o@dedecms.com
Nicole,Howard,nhoward8p@wisc.edu
Joe,Austin,jaustin8q@soundcloud.com
Daniel,Patterson,dpatterson8r@pcworld.com
Matthew,Mills,mmills8s@list-manage.com
Roy,Howard,rhoward8t@pagesperso-orange.fr
Gloria,Bell,gbell8u@newsvine.com
Rose,Ferguson,rferguson8v@i2i.jp
Kathleen,Alexander,kalexander8w@usa.gov
Todd,Webb,twebb8x@google.nl
Beverly,Lee,blee8y@hexun.com
Susan,Myers,smyers8z@vimeo.com
Gloria,Hart,ghart90@reverbnation.com
Jane,Johnston,jjohnston91@cbsnews.com
Gregory,Cunningham,gcunningham92@gizmodo.com
Ernest,Ryan,eryan93@skyrock.com
Carlos,Jacobs,cjacobs94@wikispaces.com
Helen,Weaver,hweaver95@nationalgeographic.com
Charles,Knight,cknight96@sfgate.com
Kathy,Morrison,kmorrison97@studiopress.com
Norma,Kelley,nkelley98@cbsnews.com
Sharon,Clark,sclark99@mediafire.com
Barbara,Duncan,bduncan9a@e-recht24.de
Marilyn,Williamson,mwilliamson9b@nydailynews.com
Chris,Burke,cburke9c@friendfeed.com
Paula,Woods,pwoods9d@4shared.com
Wayne,Sims,wsims9e@shop-pro.jp
Charles,Fowler,cfowler9f@wired.com
Willie,Reed,wreed9g@wikimedia.org
Stephen,Harvey,sharvey9h@telegraph.co.uk
Amanda,Scott,ascott9i@bbb.org
Norma,Day,nday9j@google.es
Jeremy,Ferguson,jferguson9k@t.co
Fred,Carpenter,fcarpenter9l@foxnews.com
Irene,Murray,imurray9m@cafepress.com
Rachel,Fernandez,rfernandez9n@prlog.org
Jennifer,Payne,jpayne9o@hud.gov
Melissa,Phillips,mphillips9p@usda.gov
Ryan,Perez,rperez9q@sogou.com
Alice,Dean,adean9r@bravesites.com
Daniel,Cole,dcole9s@epa.gov
Bonnie,Rice,brice9t@reference.com
Alan,Davis,adavis9u@home.pl
Michael,Armstrong,marmstrong9v@mit.edu
Nicole,Cox,ncox9w@weather.com
Kelly,Martin,kmartin9x@nhs.uk
Samuel,Hudson,shudson9y@xing.com
Earl,Henderson,ehenderson9z@cloudflare.com
Mary,Baker,mbakera0@sun.com
William,Day,wdaya1@ucoz.ru
Kenneth,Griffin,kgriffina2@webmd.com
Carlos,Nichols,cnicholsa3@ning.com
Rebecca,Hunt,rhunta4@weibo.com
Beverly,Kelley,bkelleya5@youku.com
Joyce,Williamson,jwilliamsona6@blogtalkradio.com
Frank,Chapman,fchapmana7@arstechnica.com
Aaron,Howell,ahowella8@privacy.gov.au
Harry,Carroll,hcarrolla9@sfgate.com
Douglas,Ruiz,druizaa@google.cn
Richard,Mendoza,rmendozaab@howstuffworks.com
Earl,Wagner,ewagnerac@unicef.org
Ernest,Oliver,eoliverad@noaa.gov
Willie,Parker,wparkerae@bbc.co.uk
Anna,Gutierrez,agutierrezaf@biglobe.ne.jp
Gerald,Williams,gwilliamsag@go.com
Christine,Green,cgreenah@mashable.com
Fred,Sullivan,fsullivanai@alexa.com
Willie,Lynch,wlynchaj@taobao.com
Lillian,Wheeler,lwheelerak@marketwatch.com
Michael,Butler,mbutleral@blogspot.com
Jacqueline,Reynolds,jreynoldsam@huffingtonpost.com
Theresa,Burns,tburnsan@addthis.com
Terry,Cruz,tcruzao@sbwire.com
Craig,Willis,cwillisap@ezinearticles.com
Lillian,Gray,lgrayaq@comsenz.com
Evelyn,Parker,eparkerar@indiatimes.com
Jerry,Williamson,jwilliamsonas@constantcontact.com
Joe,Lawrence,jlawrenceat@google.co.jp
Raymond,Kennedy,rkennedyau@dmoz.org
Dorothy,Peters,dpetersav@odnoklassniki.ru
Evelyn,Robinson,erobinsonaw@1und1.de
Earl,Banks,ebanksax@zimbio.com
Jane,Fernandez,jfernandezay@de.vu
Katherine,Dunn,kdunnaz@disqus.com
Michelle,Duncan,mduncanb0@blogtalkradio.com
Matthew,Jones,mjonesb1@bbb.org
Harold,King,hkingb2@sun.com
Denise,Riley,drileyb3@wix.com
Laura,Gardner,lgardnerb4@whitehouse.gov
Earl,Cooper,ecooperb5@fc2.com
Annie,Shaw,ashawb6@businessinsider.com
Sandra,Moreno,smorenob7@shop-pro.jp
Craig,Webb,cwebbb8@mapquest.com
Alice,Cox,acoxb9@huffingtonpost.com
Virginia,Campbell,vcampbellba@cdc.gov
Carl,Dean,cdeanbb@mac.com
Fred,Knight,fknightbc@state.gov
Eric,Cunningham,ecunninghambd@google.de
Keith,Cole,kcolebe@ameblo.jp
Todd,Ross,trossbf@google.ca
Mark,Hunter,mhunterbg@tripadvisor.com
Fred,Payne,fpaynebh@loc.gov
Rachel,Jordan,rjordanbi@deviantart.com
Russell,Peterson,rpetersonbj@nature.com
Debra,Bishop,dbishopbk@webnode.com
Carl,Burns,cburnsbl@prlog.org
Ronald,Lane,rlanebm@i2i.jp
Paula,Peters,ppetersbn@typepad.com
Terry,Ford,tfordbo@creativecommons.org
Willie,Knight,wknightbp@nba.com
Jeremy,Henry,jhenrybq@blogtalkradio.com
Earl,Cooper,ecooperbr@mozilla.com
Jennifer,Watkins,jwatkinsbs@comcast.net
Joan,Franklin,jfranklinbt@mlb.com
Jeremy,Gilbert,jgilbertbu@blinklist.com
Teresa,Ross,trossbv@digg.com
Susan,Marshall,smarshallbw@deviantart.com
Kathleen,Freeman,kfreemanbx@ebay.com
Christopher,Cruz,ccruzby@trellian.com
Victor,Gonzalez,vgonzalezbz@arstechnica.com
Steven,Simmons,ssimmonsc0@theglobeandmail.com
Diane,Little,dlittlec1@addthis.com
Carlos,Johnston,cjohnstonc2@dagondesign.com
Nancy,Bailey,nbaileyc3@networkadvertising.org
Antonio,Flores,afloresc4@list-manage.com
Harold,Ferguson,hfergusonc5@sbwire.com
Joshua,Baker,jbakerc6@vinaora.com
Douglas,Watson,dwatsonc7@utexas.edu
Larry,Johnston,ljohnstonc8@ox.ac.uk
Peter,Montgomery,pmontgomeryc9@dailymotion.com
Carlos,Mcdonald,cmcdonaldca@weibo.com
Nicholas,Simpson,nsimpsoncb@wikia.com
Arthur,Olson,aolsoncc@sitemeter.com
Michelle,Torres,mtorrescd@businesswire.com
Richard,Burns,rburnsce@naver.com
Teresa,Olson,tolsoncf@slate.com
Carol,Payne,cpaynecg@dedecms.com
Theresa,Washington,twashingtonch@bbc.co.uk
Beverly,Ferguson,bfergusonci@sakura.ne.jp
Doris,Wells,dwellscj@feedburner.com
Maria,Spencer,mspencerck@bloglovin.com
Julia,Meyer,jmeyercl@facebook.com
Sean,Gomez,sgomezcm@webnode.com
Charles,Stewart,cstewartcn@tuttocitta.it
Rachel,Carroll,rcarrollco@earthlink.net
Donald,Wood,dwoodcp@tuttocitta.it
Brian,Burns,bburnscq@msu.edu
Matthew,Romero,mromerocr@dion.ne.jp
Jeffrey,Patterson,jpattersoncs@jugem.jp
Beverly,Scott,bscottct@acquirethisname.com
Christopher,Harvey,charveycu@vkontakte.ru
Ann,Gonzalez,agonzalezcv@creativecommons.org
Kimberly,Tucker,ktuckercw@amazon.de
Rebecca,Richards,rrichardscx@barnesandnoble.com
John,Rice,jricecy@ibm.com
Lillian,Mcdonald,lmcdonaldcz@mac.com
Gerald,Elliott,gelliottd0@google.com
Gregory,Morgan,gmorgand1@ted.com
Joe,Greene,jgreened2@skyrock.com
Teresa,Nelson,tnelsond3@msu.edu
Sandra,Ramirez,sramirezd4@rediff.com
Harold,Ferguson,hfergusond5@europa.eu
Lisa,Hansen,lhansend6@nbcnews.com
Timothy,Pierce,tpierced7@phoca.cz
Janice,Rivera,jriverad8@japanpost.jp
Ruby,Taylor,rtaylord9@ezinearticles.com
Joseph,Nelson,jnelsonda@webs.com
Jessica,Knight,jknightdb@infoseek.co.jp
Daniel,Black,dblackdc@mozilla.com
Roger,Ray,rraydd@time.com
Stephen,Hanson,shansonde@vkontakte.ru
Alice,Gutierrez,agutierrezdf@bandcamp.com
Kathy,Carter,kcarterdg@yahoo.co.jp
Brenda,Brooks,bbrooksdh@europa.eu
Melissa,Gutierrez,mgutierrezdi@mapy.cz
Paul,Nguyen,pnguyendj@wikispaces.com
Gerald,Carr,gcarrdk@myspace.com
Carlos,Hansen,chansendl@nps.gov
Sharon,Morrison,smorrisondm@whitehouse.gov
Cheryl,Mason,cmasondn@bing.com
Debra,Taylor,dtaylordo@youtube.com
Gary,Morrison,gmorrisondp@samsung.com
Kenneth,Walker,kwalkerdq@smugmug.com
Michael,Wright,mwrightdr@ebay.com
Peter,Kelley,pkelleyds@weebly.com
Matthew,Mccoy,mmccoydt@marketwatch.com
Justin,Butler,jbutlerdu@newsvine.com
Arthur,Jones,ajonesdv@taobao.com
Arthur,Phillips,aphillipsdw@huffingtonpost.com
Samuel,Phillips,sphillipsdx@ftc.gov
Shawn,Bennett,sbennettdy@paginegialle.it
Gary,Wilson,gwilsondz@shop-pro.jp
Cynthia,Alvarez,calvareze0@samsung.com
Victor,Fernandez,vfernandeze1@ibm.com
Steven,Day,sdaye2@tripadvisor.com
Melissa,Marshall,mmarshalle3@cdbaby.com
Ernest,Snyder,esnydere4@wisc.edu
Nicole,Jackson,njacksone5@ehow.com
Carlos,Mccoy,cmccoye6@comsenz.com
Edward,Davis,edavise7@tinypic.com
Janet,Williams,jwilliamse8@arizona.edu
Jeffrey,Ferguson,jfergusone9@squidoo.com
Katherine,Reed,kreedea@imgur.com
Donald,Rivera,driveraeb@vkontakte.ru
Elizabeth,Alvarez,ealvarezec@usatoday.com
Roger,Long,rlonged@sun.com
Helen,Henderson,hhendersonee@cargocollective.com
Linda,Sanchez,lsanchezef@nydailynews.com
Todd,Green,tgreeneg@mysql.com
Todd,Greene,tgreeneeh@twitpic.com
Melissa,Walker,mwalkerei@disqus.com
Gary,Jackson,gjacksonej@typepad.com
Teresa,Murphy,tmurphyek@nhs.uk
Beverly,Dunn,bdunnel@1und1.de
Walter,Barnes,wbarnesem@blogtalkradio.com
Martha,Henderson,mhendersonen@wufoo.com
Anthony,Parker,aparkereo@admin.ch
Norma,Elliott,nelliottep@abc.net.au
Judy,Walker,jwalkereq@nps.gov
Wayne,Roberts,wrobertser@cam.ac.uk
Victor,Bailey,vbaileyes@cbslocal.com
Rose,Foster,rfosteret@nsw.gov.au
Wanda,Wagner,wwagnereu@sun.com
Lillian,Owens,lowensev@barnesandnoble.com
Katherine,White,kwhiteew@theguardian.com
Elizabeth,Jones,ejonesex@indiegogo.com
Wanda,Garrett,wgarrettey@mlb.com
Stephanie,Shaw,sshawez@va.gov
Eric,Sanchez,esanchezf0@guardian.co.uk
Sara,Bell,sbellf1@java.com
Jeremy,Shaw,jshawf2@telegraph.co.uk
Betty,Nelson,bnelsonf3@japanpost.jp
Thomas,Lawrence,tlawrencef4@sogou.com
Michelle,Wheeler,mwheelerf5@scribd.com
Sandra,Jones,sjonesf6@mail.ru
Paul,Price,ppricef7@deliciousdays.com
Cynthia,Baker,cbakerf8@1688.com
Janet,Little,jlittlef9@paypal.com
Angela,Nichols,anicholsfa@rambler.ru
Johnny,Fowler,jfowlerfb@so-net.ne.jp
Helen,Owens,howensfc@nps.gov
Nicholas,Morris,nmorrisfd@archive.org
Janice,Howard,jhowardfe@techcrunch.com
Diane,Green,dgreenff@artisteer.com
Debra,Morrison,dmorrisonfg@jiathis.com
Carolyn,Bell,cbellfh@archive.org
Eugene,Franklin,efranklinfi@weather.com
Diana,Fields,dfieldsfj@eventbrite.com
Beverly,Sullivan,bsullivanfk@hhs.gov
Frances,Cox,fcoxfl@dedecms.com
Linda,Willis,lwillisfm@businesswire.com
Ronald,Burns,rburnsfn@surveymonkey.com
Terry,Ryan,tryanfo@infoseek.co.jp
Carlos,Bennett,cbennettfp@smh.com.au
Maria,Gutierrez,mgutierrezfq@lycos.com
Deborah,Morris,dmorrisfr@blogger.com
Lisa,Washington,lwashingtonfs@sciencedaily.com
John,Kelly,jkellyft@apache.org
Beverly,Berry,bberryfu@mapy.cz
Robert,Jacobs,rjacobsfv@diigo.com
Laura,Miller,lmillerfw@webmd.com
Ashley,Woods,awoodsfx@prnewswire.com
Stephanie,Russell,srussellfy@homestead.com
Charles,Andrews,candrewsfz@yellowbook.com
Scott,Andrews,sandrewsg0@blog.com
Timothy,Reyes,treyesg1@bigcartel.com
Ann,Flores,afloresg2@answers.com
Anne,Kelley,akelleyg3@census.gov
Lisa,Taylor,ltaylorg4@friendfeed.com
Jesse,Powell,jpowellg5@auda.org.au
Lori,Berry,lberryg6@rediff.com
Judith,Stone,jstoneg7@blogger.com
Martha,Harvey,mharveyg8@microsoft.com
Deborah,Vasquez,dvasquezg9@businessinsider.com
Lois,Stewart,lstewartga@nydailynews.com
Charles,Harris,charrisgb@nyu.edu
Robin,Garrett,rgarrettgc@utexas.edu
Kevin,Lee,kleegd@flickr.com
Clarence,Gutierrez,cgutierrezge@tuttocitta.it
Jesse,Moore,jmooregf@naver.com
Rachel,Washington,rwashingtongg@ovh.net
Jason,George,jgeorgegh@exblog.jp
Bonnie,Martinez,bmartinezgi@cnet.com
Robin,Gilbert,rgilbertgj@hugedomains.com
Bobby,Grant,bgrantgk@comsenz.com
Justin,Ruiz,jruizgl@discovery.com
Samuel,Day,sdaygm@privacy.gov.au
Karen,Cole,kcolegn@mlb.com
Louis,Bishop,lbishopgo@salon.com
Eugene,Parker,eparkergp@washington.edu
Victor,Woods,vwoodsgq@aboutads.info
Virginia,Fuller,vfullergr@foxnews.com
Harry,Moreno,hmorenogs@dropbox.com
Louis,Phillips,lphillipsgt@princeton.edu
Antonio,Fields,afieldsgu@shutterfly.com
Jason,Perkins,jperkinsgv@answers.com
Kelly,Thomas,kthomasgw@unc.edu
Thomas,Rogers,trogersgx@networkadvertising.org
Mary,Simpson,msimpsongy@squarespace.com
Jessica,Lawson,jlawsongz@people.com.cn
Denise,Sullivan,dsullivanh0@ezinearticles.com
Beverly,Gomez,bgomezh1@marriott.com
Rachel,Payne,rpayneh2@hao123.com
Carol,Owens,cowensh3@biblegateway.com
Ann,Reyes,areyesh4@spiegel.de
Phyllis,Meyer,pmeyerh5@washington.edu
Sharon,Chapman,schapmanh6@sciencedaily.com
Ryan,Austin,raustinh7@blogspot.com
Craig,Freeman,cfreemanh8@arstechnica.com
Sara,Peterson,spetersonh9@tripod.com
Robin,Little,rlittleha@hatena.ne.jp
Norma,Sanders,nsandershb@arizona.edu
Kevin,Richards,krichardshc@gnu.org
Angela,Bryant,abryanthd@chicagotribune.com
Nancy,Murphy,nmurphyhe@soup.io
Donald,Reid,dreidhf@ameblo.jp
Denise,Webb,dwebbhg@noaa.gov
Kathryn,Campbell,kcampbellhh@plala.or.jp
Fred,Lawrence,flawrencehi@netlog.com
Albert,Boyd,aboydhj@spotify.com
Bruce,Hayes,bhayeshk@miitbeian.gov.cn
Susan,Riley,srileyhl@netlog.com
Jose,Taylor,jtaylorhm@goo.ne.jp
Paul,Watson,pwatsonhn@theglobeandmail.com
Louis,Chavez,lchavezho@oracle.com
Tina,Henry,thenryhp@theguardian.com
Brian,Alvarez,balvarezhq@booking.com
Diane,Sanders,dsandershr@smh.com.au
Carol,Fields,cfieldshs@mozilla.org
Ralph,Dixon,rdixonht@house.gov
Thomas,Johnston,tjohnstonhu@amazon.com
Jessica,Foster,jfosterhv@bigcartel.com
Ernest,Butler,ebutlerhw@topsy.com
Mark,Morales,mmoraleshx@yellowpages.com
Ralph,Harrison,rharrisonhy@forbes.com
Rose,Wheeler,rwheelerhz@mapquest.com
Joe,Carroll,jcarrolli0@github.io
Kenneth,Shaw,kshawi1@buzzfeed.com
Phillip,Meyer,pmeyeri2@delicious.com
Ralph,Larson,rlarsoni3@jiathis.com
Nicole,Johnston,njohnstoni4@utexas.edu
Martha,Barnes,mbarnesi5@themeforest.net
Gregory,Martinez,gmartinezi6@arstechnica.com
Michelle,Austin,maustini7@jalbum.net
Jane,West,jwesti8@zimbio.com
Jason,Roberts,jrobertsi9@1688.com
James,Stanley,jstanleyia@ezinearticles.com
Kevin,Alvarez,kalvarezib@scientificamerican.com
Alice,Jacobs,ajacobsic@shop-pro.jp
Harry,Carpenter,hcarpenterid@gravatar.com
Julie,Ward,jwardie@google.com
Jean,Montgomery,jmontgomeryif@simplemachines.org
Maria,Gonzalez,mgonzalezig@whitehouse.gov
Joseph,Payne,jpayneih@slate.com
Rose,Henderson,rhendersonii@miibeian.gov.cn
Barbara,Lopez,blopezij@networksolutions.com
Chris,Kennedy,ckennedyik@google.com.hk
Anne,Howard,ahowardil@google.ca
Robin,Peters,rpetersim@imdb.com
Kelly,Dean,kdeanin@zimbio.com
Howard,Hayes,hhayesio@last.fm
Deborah,Black,dblackip@about.com
Jerry,Armstrong,jarmstrongiq@bigcartel.com
Brandon,Dunn,bdunnir@scribd.com
Andrea,Kelly,akellyis@dailymail.co.uk
Steve,Alexander,salexanderit@cyberchimps.com
Frank,Cooper,fcooperiu@ted.com
Roy,Lee,rleeiv@prnewswire.com
Andrew,Collins,acollinsiw@livejournal.com
Jerry,Martin,jmartinix@scientificamerican.com
Patricia,Dunn,pdunniy@mapquest.com
Helen,Roberts,hrobertsiz@loc.gov
Randy,Lane,rlanej0@berkeley.edu
John,Gomez,jgomezj1@livejournal.com
Mildred,Miller,mmillerj2@unblog.fr
Charles,Ortiz,cortizj3@macromedia.com
Dennis,Duncan,dduncanj4@forbes.com
Tammy,Dixon,tdixonj5@123-reg.co.uk
William,Barnes,wbarnesj6@bandcamp.com
Nancy,Hayes,nhayesj7@google.co.uk
Juan,Alvarez,jalvarezj8@symantec.com
Gregory,Evans,gevansj9@stumbleupon.com
Philip,Riley,prileyja@google.com.au
Melissa,Hansen,mhansenjb@loc.gov
Steven,Hanson,shansonjc@irs.gov
Edward,Jenkins,ejenkinsjd@github.io
Anna,Murphy,amurphyje@google.com.br
Wayne,Stone,wstonejf@accuweather.com
Joe,Gutierrez,jgutierrezjg@exblog.jp
Harold,Franklin,hfranklinjh@state.gov
Earl,Castillo,ecastilloji@cocolog-nifty.com
Sharon,Chapman,schapmanjj@cam.ac.uk
Sean,Bryant,sbryantjk@prweb.com
Lori,Brown,lbrownjl@yellowpages.com
Ruth,Ward,rwardjm@whitehouse.gov
Judith,Lee,jleejn@globo.com
Lori,Carroll,lcarrolljo@yahoo.com
Ruth,Harvey,rharveyjp@hibu.com
Dennis,Crawford,dcrawfordjq@senate.gov
Brenda,Ford,bfordjr@issuu.com
Antonio,Reynolds,areynoldsjs@google.com.hk
Lori,Kim,lkimjt@nifty.com
Brenda,Medina,bmedinaju@goodreads.com
Jack,Adams,jadamsjv@elegantthemes.com
Betty,Phillips,bphillipsjw@unc.edu
Nicole,Cunningham,ncunninghamjx@stanford.edu
Heather,Payne,hpaynejy@timesonline.co.uk
Steven,Black,sblackjz@va.gov
Scott,Fuller,sfullerk0@cornell.edu
Bonnie,Lynch,blynchk1@pinterest.com
Judy,Kelly,jkellyk2@bloomberg.com
Jacqueline,Hunter,jhunterk3@weibo.com
Angela,Dunn,adunnk4@europa.eu
Martin,Cunningham,mcunninghamk5@blogtalkradio.com
Jason,Black,jblackk6@sourceforge.net
Anna,Payne,apaynek7@typepad.com
Martha,Johnston,mjohnstonk8@google.com.br
William,Russell,wrussellk9@shutterfly.com
Robin,Wagner,rwagnerka@digg.com
Janet,Russell,jrussellkb@chicagotribune.com
Clarence,Bell,cbellkc@netscape.com
Shawn,Chavez,schavezkd@hubpages.com
Linda,Richards,lrichardske@ted.com
Jane,Peters,jpeterskf@ft.com
Evelyn,Williams,ewilliamskg@constantcontact.com
Virginia,Jenkins,vjenkinskh@wisc.edu
Kenneth,Montgomery,kmontgomeryki@si.edu
Richard,Mason,rmasonkj@barnesandnoble.com
Jeffrey,Bradley,jbradleykk@yahoo.co.jp
Deborah,Hill,dhillkl@state.gov
Russell,Bradley,rbradleykm@networksolutions.com
John,Cooper,jcooperkn@rediff.com
Peter,Howard,phowardko@joomla.org
Charles,Fuller,cfullerkp@icq.com
Paul,Moore,pmoorekq@ning.com
Ann,Simpson,asimpsonkr@npr.org
Judith,Murphy,jmurphyks@bbc.co.uk
Rachel,Morrison,rmorrisonkt@sitemeter.com
Alice,Hicks,ahicksku@reverbnation.com
Frances,Jacobs,fjacobskv@yandex.ru
Antonio,Bryant,abryantkw@jimdo.com
Jessica,Cook,jcookkx@goo.gl
Gary,Carter,gcarterky@unc.edu
Stephanie,Perry,sperrykz@businessinsider.com
Anna,George,ageorgel0@tmall.com
Betty,Jacobs,bjacobsl1@lycos.com
Jason,Hamilton,jhamiltonl2@yahoo.com
Barbara,Mccoy,bmccoyl3@yale.edu
Dennis,Burton,dburtonl4@irs.gov
Fred,Evans,fevansl5@slate.com
Jacqueline,Moreno,jmorenol6@wisc.edu
Diana,Marshall,dmarshalll7@economist.com
Ann,Murphy,amurphyl8@rediff.com
Lois,Fields,lfieldsl9@angelfire.com
Donna,Austin,daustinla@cnet.com
Martin,Olson,molsonlb@addtoany.com
Anna,Andrews,aandrewslc@smh.com.au
Sandra,Howard,showardld@exblog.jp
Brian,Wallace,bwallacele@wordpress.org
Patricia,Flores,pfloreslf@merriam-webster.com
Matthew,Russell,mrusselllg@hugedomains.com
Carl,Lewis,clewislh@de.vu
Patricia,Anderson,pandersonli@jalbum.net
Richard,Hudson,rhudsonlj@marriott.com
Denise,Hart,dhartlk@cnbc.com
John,Wells,jwellsll@cornell.edu
Cheryl,Mcdonald,cmcdonaldlm@rakuten.co.jp
Andrea,Gordon,agordonln@networksolutions.com
Jessica,Gilbert,jgilbertlo@yahoo.com
Jeffrey,Bowman,jbowmanlp@ebay.com
Wanda,Mills,wmillslq@constantcontact.com
Thomas,Russell,trusselllr@stanford.edu
Shawn,Myers,smyersls@telegraph.co.uk
Frances,Nguyen,fnguyenlt@technorati.com
Larry,Gilbert,lgilbertlu@deliciousdays.com
Russell,Gutierrez,rgutierrezlv@wikia.com
Rebecca,Perkins,rperkinslw@ask.com
Janet,Garcia,jgarcialx@google.de
Brenda,White,bwhitely@bbc.co.uk
Nicholas,Walker,nwalkerlz@icq.com
Fred,Graham,fgrahamm0@blogtalkradio.com
Julie,Watson,jwatsonm1@youtu.be
Sarah,Wagner,swagnerm2@google.co.uk
Jesse,Garza,jgarzam3@howstuffworks.com
Jesse,Long,jlongm4@macromedia.com
Timothy,Murphy,tmurphym5@e-recht24.de
Lori,Bennett,lbennettm6@tmall.com
Kevin,Hamilton,khamiltonm7@cam.ac.uk
Lillian,Banks,lbanksm8@homestead.com
Kelly,Flores,kfloresm9@zimbio.com
Anthony,Fox,afoxma@usgs.gov
Joan,Lynch,jlynchmb@ca.gov
Chris,Rivera,criveramc@microsoft.com
Debra,Little,dlittlemd@woothemes.com
Justin,Gray,jgrayme@constantcontact.com
Jonathan,Kelly,jkellymf@last.fm
Helen,Day,hdaymg@answers.com
Justin,Payne,jpaynemh@ifeng.com
Adam,Day,adaymi@hp.com
Mary,Patterson,mpattersonmj@pagesperso-orange.fr
Clarence,Cruz,ccruzmk@t.co
Adam,Morgan,amorganml@ezinearticles.com
Sharon,Mccoy,smccoymm@amazon.co.uk
Susan,Wells,swellsmn@about.com
Lawrence,Mason,lmasonmo@live.com
Sean,Hunter,shuntermp@oracle.com
Tina,Harris,tharrismq@state.gov
Thomas,Cruz,tcruzmr@cbsnews.com
Nancy,Lane,nlanems@fema.gov
Lillian,Fields,lfieldsmt@liveinternet.ru
Marilyn,Nelson,mnelsonmu@nbcnews.com
Katherine,Barnes,kbarnesmv@cisco.com
Bobby,Torres,btorresmw@seesaa.net
Albert,Armstrong,aarmstrongmx@sciencedaily.com
James,Dixon,jdixonmy@clickbank.net
Benjamin,Ortiz,bortizmz@smh.com.au
Gloria,Morrison,gmorrisonn0@salon.com
Ralph,Nguyen,rnguyenn1@ox.ac.uk
Betty,Carroll,bcarrolln2@wikipedia.org
Justin,Mills,jmillsn3@live.com
Walter,George,wgeorgen4@privacy.gov.au
Steve,Tucker,stuckern5@mlb.com
Brian,Burns,bburnsn6@sun.com
Kevin,Henderson,khendersonn7@yahoo.co.jp
Emily,Dean,edeann8@wiley.com
Kelly,Bryant,kbryantn9@indiatimes.com
William,Meyer,wmeyerna@marketwatch.com
Kathleen,Wright,kwrightnb@vimeo.com
Albert,Morrison,amorrisonnc@yahoo.com
Eugene,Hunt,ehuntnd@cmu.edu
Louise,Harris,lharrisne@blogtalkradio.com
Heather,Chavez,hchaveznf@timesonline.co.uk
Lois,Collins,lcollinsng@bbc.co.uk
Juan,Harper,jharpernh@ustream.tv
Theresa,Fernandez,tfernandezni@ucla.edu
Howard,Reyes,hreyesnj@theglobeandmail.com
Lori,Berry,lberrynk@msn.com
Victor,Duncan,vduncannl@toplist.cz
Anna,Gray,agraynm@washington.edu
Lois,Spencer,lspencernn@wordpress.com
John,Young,jyoungno@google.com.au
Barbara,Reyes,breyesnp@uiuc.edu
Walter,Richardson,wrichardsonnq@hud.gov
Cheryl,Ward,cwardnr@noaa.gov
Evelyn,Turner,eturnerns@cornell.edu
Maria,Long,mlongnt@telegraph.co.uk
Theresa,Richards,trichardsnu@myspace.com
Karen,Ray,kraynv@yahoo.com
Jane,Bowman,jbowmannw@dagondesign.com
Karen,Morgan,kmorgannx@geocities.jp
Gary,Reynolds,greynoldsny@drupal.org
Maria,Perez,mpereznz@photobucket.com
Arthur,Walker,awalkero0@foxnews.com
Louis,Robertson,lrobertsono1@homestead.com
Peter,Howell,phowello2@wunderground.com
Pamela,Mills,pmillso3@mlb.com
Harry,George,hgeorgeo4@bbc.co.uk
Karen,Mills,kmillso5@cnn.com
Albert,Frazier,afraziero6@gnu.org
Anna,Mcdonald,amcdonaldo7@twitter.com
Fred,Reed,freedo8@google.ca
Paul,Richards,prichardso9@devhub.com
Robin,White,rwhiteoa@t.co
Roy,Mendoza,rmendozaob@angelfire.com
Joan,Jones,jjonesoc@bravesites.com
Diana,Chavez,dchavezod@slashdot.org
Billy,Daniels,bdanielsoe@mozilla.com
Deborah,Cruz,dcruzof@boston.com
Michelle,Greene,mgreeneog@free.fr
Paula,Snyder,psnyderoh@ox.ac.uk
Amy,Reynolds,areynoldsoi@amazon.com
Tammy,Carr,tcarroj@webnode.com
Steven,Roberts,srobertsok@ft.com
Antonio,Powell,apowellol@house.gov
Laura,Nichols,lnicholsom@mlb.com
John,Armstrong,jarmstrongon@ucla.edu
David,Oliver,doliveroo@histats.com
Julia,Griffin,jgriffinop@clickbank.net
Kevin,Meyer,kmeyeroq@globo.com
Anthony,Lawrence,alawrenceor@163.com
Jerry,Little,jlittleos@usgs.gov
Anthony,Richardson,arichardsonot@hugedomains.com
Amanda,Dixon,adixonou@simplemachines.org
Emily,Bryant,ebryantov@time.com
Nicholas,Medina,nmedinaow@ted.com
Alan,Graham,agrahamox@twitter.com
Christine,Collins,ccollinsoy@opensource.org
Martha,Nguyen,mnguyenoz@who.int
Andrea,Sullivan,asullivanp0@bravesites.com
Louise,Sanchez,lsanchezp1@unc.edu
Marilyn,Reynolds,mreynoldsp2@google.it
Rebecca,Hernandez,rhernandezp3@ucsd.edu
Johnny,Garza,jgarzap4@edublogs.org
Julia,Gonzalez,jgonzalezp5@nifty.com
Carlos,Kelley,ckelleyp6@mashable.com
Jesse,Jackson,jjacksonp7@forbes.com
Diane,Ford,dfordp8@abc.net.au
Julie,Walker,jwalkerp9@liveinternet.ru
Ernest,Patterson,epattersonpa@latimes.com
Gerald,Thompson,gthompsonpb@about.com
Keith,Howard,khowardpc@youtu.be
Juan,Jacobs,jjacobspd@forbes.com
Ralph,Miller,rmillerpe@ucsd.edu
Roy,Miller,rmillerpf@cornell.edu
Jerry,Rose,jrosepg@php.net
Mildred,Lane,mlaneph@japanpost.jp
William,Rodriguez,wrodriguezpi@gov.uk
Michelle,Burns,mburnspj@netlog.com
Albert,Martin,amartinpk@cmu.edu
Nicholas,Perkins,nperkinspl@bloglines.com
Julie,Rose,jrosepm@redcross.org
Dorothy,Hicks,dhickspn@about.com
Helen,Schmidt,hschmidtpo@illinois.edu
Sarah,Vasquez,svasquezpp@nydailynews.com
Jimmy,Hicks,jhickspq@census.gov
Kelly,Phillips,kphillipspr@mozilla.org
Arthur,West,awestps@independent.co.uk
Charles,Gonzalez,cgonzalezpt@lycos.com
Teresa,Dean,tdeanpu@ed.gov
Kathleen,Fuller,kfullerpv@jigsy.com
Evelyn,Collins,ecollinspw@cnet.com
Rebecca,Clark,rclarkpx@latimes.com
Heather,Lane,hlanepy@yahoo.com
Kathryn,Ferguson,kfergusonpz@usgs.gov
Evelyn,Banks,ebanksq0@samsung.com
Julie,Harper,jharperq1@fotki.com
Rose,Torres,rtorresq2@foxnews.com
Marie,Weaver,mweaverq3@canalblog.com
Virginia,Reyes,vreyesq4@com.com
Cynthia,Jenkins,cjenkinsq5@state.gov
Tina,Riley,trileyq6@spotify.com
Frances,Gutierrez,fgutierrezq7@webnode.com
Terry,Fowler,tfowlerq8@umn.edu
Jose,Sanders,jsandersq9@blogspot.com
Juan,Richards,jrichardsqa@yandex.ru
Richard,Carr,rcarrqb@delicious.com
Heather,Phillips,hphillipsqc@goodreads.com
Mark,Thomas,mthomasqd@cmu.edu
Teresa,Duncan,tduncanqe@bloomberg.com
Victor,Washington,vwashingtonqf@artisteer.com
Sara,Rodriguez,srodriguezqg@deliciousdays.com
Rebecca,Ross,rrossqh@quantcast.com
Gloria,Moreno,gmorenoqi@wix.com
Annie,Stevens,astevensqj@upenn.edu
Scott,Sullivan,ssullivanqk@gmpg.org
Chris,Simpson,csimpsonql@patch.com
Gloria,Ross,grossqm@behance.net
Jack,Carpenter,jcarpenterqn@elpais.com
Aaron,Turner,aturnerqo@sfgate.com
Beverly,Ellis,bellisqp@thetimes.co.uk
Clarence,Dean,cdeanqq@pinterest.com
Cheryl,Bradley,cbradleyqr@geocities.jp
Sharon,Hayes,shayesqs@weather.com
Ann,Stephens,astephensqt@disqus.com
Fred,Montgomery,fmontgomeryqu@slate.com
Evelyn,Chavez,echavezqv@spiegel.de
Shirley,Ford,sfordqw@naver.com
Kathryn,Bryant,kbryantqx@unesco.org
Paula,Mcdonald,pmcdonaldqy@abc.net.au
Joyce,Myers,jmyersqz@blogger.com
Harry,Long,hlongr0@foxnews.com
William,Weaver,wweaverr1@yellowbook.com
Samuel,Coleman,scolemanr2@deviantart.com
William,Reed,wreedr3@wikipedia.org
Alice,Oliver,aoliverr4@engadget.com
Betty,Cruz,bcruzr5@wp.com
Brandon,Wagner,bwagnerr6@marriott.com
Antonio,Peterson,apetersonr7@mapy.cz
Katherine,Gilbert,kgilbertr8@theatlantic.com
Larry,Porter,lporterr9@163.com
Lawrence,Hart,lhartra@instagram.com
Evelyn,Coleman,ecolemanrb@usgs.gov
Eric,Barnes,ebarnesrc@fastcompany.com
Janet,Rose,jroserd@bandcamp.com
Harold,Olson,holsonre@youtu.be
Fred,Wright,fwrightrf@technorati.com
Eric,West,ewestrg@phpbb.com
Johnny,Crawford,jcrawfordrh@amazon.co.jp
Justin,Adams,jadamsri@archive.org
Kevin,Morris,kmorrisrj@quantcast.com
Maria,Stewart,mstewartrk@jimdo.com
Samuel,Kennedy,skennedyrl@abc.net.au
Bobby,Clark,bclarkrm@bluehost.com
Doris,Hayes,dhayesrn@examiner.com
Aaron,Frazier,afrazierro@shinystat.com
Antonio,Reid,areidrp@redcross.org
Eric,Sanchez,esanchezrq@altervista.org
Todd,Perry,tperryrr@psu.edu
